PARAM,COPD_MED,COPD_LO,COPD_HI,LC_MED,LC_LO,LC_HI,ALRI_MED,ALRI_LO,ALRI_HI,STROKE_MED,STROKE_LO,STROKE_HI,IHD_MED,IHD_LO,IHD_HI
alpha,58.99196827,28.91110658,120.4756789,54.60724088,12.54232919,23.51426177,1.975269378,1.610671761,2.823060335,1.031130662,1.354359966,1.40620224,0.828659767,1.024187549,1.205331222
beta,0.000306105,0.000147437,0.000281165,0.000336707,0.000131082,0.001689043,0.002591347,0.010250576,0.000833686,0.020021066,0.020635943,0.014685921,0.07100547,0.055570763,0.012825691
delta,0.670282637,0.827281571,0.628855773,0.740906744,1.018213753,0.668899356,1.235124915,0.813631373,1.49858626,1.074844647,0.491813156,1.259504281,0.554600794,0.404772767,1.090554687
zcf,7.583919826,8.18518473,6.015338351,6.906646585,7.24211617,6.559095505,6.790313136,13.84472995,1.502881674,8.8,10.91444065,7.211906927,6.861449411,9.616178027,1.971001753
